slot_id,filename,scheduled_date,scheduled_time,day_of_week,is_workday,pillar,format,source_url,source_file,slug,src_type,angle,has_limited_offer,status
1,2026-05-12-0600-cam-math-001.md,2026-05-12,06:00,tue,yes,cam-math,text-short,https://www.capveri.com/blog/what-is-cam-reconciliation,marketing/content/blog/what-is-cam-reconciliation.mdx,what-is-cam-reconciliation,blog,hook,no,planned
2,2026-05-12-0700-erp-workarounds-002.md,2026-05-12,07:00,tue,yes,erp-workarounds,text-long,https://www.capveri.com/blog/yardi-gl-export-not-balancing,marketing/content/blog/yardi-gl-export-not-balancing.mdx,yardi-gl-export-not-balancing,blog,framework,no,planned
3,2026-05-12-0800-war-stories-003.md,2026-05-12,08:00,tue,yes,war-stories,text-short,https://www.capveri.com/blog/cost-single-cam-error-case-study,marketing/content/blog/cost-single-cam-error-case-study.mdx,cost-single-cam-error-case-study,blog,hook,no,planned
4,2026-05-12-0900-anti-integration-004.md,2026-05-12,09:00,tue,yes,anti-integration,carousel,https://www.capveri.com/blog/automate-cam-without-replacing-yardi,marketing/content/blog/automate-cam-without-replacing-yardi.mdx,automate-cam-without-replacing-yardi,blog,carousel-outline,no,planned
5,2026-05-12-1000-cam-math-005.md,2026-05-12,10:00,tue,yes,cam-math,text-short,https://www.capveri.com/blog/cam-true-up-vs-cam-reconciliation,marketing/content/blog/cam-true-up-vs-cam-reconciliation.mdx,cam-true-up-vs-cam-reconciliation,blog,hook,no,planned
6,2026-05-12-1100-industry-news-006.md,2026-05-12,11:00,tue,yes,industry-news,image-quote,https://www.capveri.com/blog/2026-property-tax-increases,marketing/content/blog/2026-property-tax-increases.mdx,2026-property-tax-increases,blog,stat-callout,no,planned
7,2026-05-12-1200-cam-math-007.md,2026-05-12,12:00,tue,yes,cam-math,text-long,https://www.capveri.com/blog/cam-reconciliation-errors,marketing/content/blog/cam-reconciliation-errors.mdx,cam-reconciliation-errors,blog,framework,no,planned
8,2026-05-12-1300-erp-workarounds-008.md,2026-05-12,13:00,tue,yes,erp-workarounds,text-short,https://www.capveri.com/blog/fix-cam-calculation-yardi-voyager,marketing/content/blog/fix-cam-calculation-yardi-voyager.mdx,fix-cam-calculation-yardi-voyager,blog,hook,no,planned
9,2026-05-12-1400-war-stories-009.md,2026-05-12,14:00,tue,yes,war-stories,video,https://www.capveri.com/blog/cam-overbilling-liability,marketing/content/blog/cam-overbilling-liability.mdx,cam-overbilling-liability,blog,video-script,no,planned
10,2026-05-12-1500-cam-math-010.md,2026-05-12,15:00,tue,yes,cam-math,text-short,https://www.capveri.com/blog/cam-exclusion-list-complete-guide,marketing/content/blog/cam-exclusion-list-complete-guide.mdx,cam-exclusion-list-complete-guide,blog,hook,no,planned
11,2026-05-12-1600-anti-integration-011.md,2026-05-12,16:00,tue,yes,anti-integration,text-long,https://www.capveri.com/blog/replace-excel-cam-reconciliation,marketing/content/blog/replace-excel-cam-reconciliation.mdx,replace-excel-cam-reconciliation,blog,framework,no,planned
12,2026-05-12-1700-founder-012.md,2026-05-12,17:00,tue,yes,founder,carousel,original,original,original,original,carousel-outline,no,planned
13,2026-05-12-1800-cam-math-013.md,2026-05-12,18:00,tue,yes,cam-math,text-short,https://www.capveri.com/blog/capital-expenditure-cam-pool-rules,marketing/content/blog/capital-expenditure-cam-pool-rules.mdx,capital-expenditure-cam-pool-rules,blog,hook,no,planned
14,2026-05-12-1900-product-014.md,2026-05-12,19:00,tue,yes,product,poll,https://www.capveri.com/pricing,original,pricing,product,poll-question,yes,planned
15,2026-05-12-2000-engagement-015.md,2026-05-12,20:00,tue,yes,engagement,text-long,original,original,original,original,framework,no,planned
16,2026-05-13-0600-cam-math-016.md,2026-05-13,06:00,wed,yes,cam-math,text-long,https://www.capveri.com/blog/management-fee-cam-charges-rules,marketing/content/blog/management-fee-cam-charges-rules.mdx,management-fee-cam-charges-rules,blog,framework,no,planned
17,2026-05-13-0700-erp-workarounds-017.md,2026-05-13,07:00,wed,yes,erp-workarounds,text-short,https://www.capveri.com/blog/yardi-cam-recovery-pool-setup,marketing/content/blog/yardi-cam-recovery-pool-setup.mdx,yardi-cam-recovery-pool-setup,blog,hook,no,planned
18,2026-05-13-0800-war-stories-018.md,2026-05-13,08:00,wed,yes,war-stories,carousel,https://www.capveri.com/blog/what-tenant-auditors-look-for,marketing/content/blog/what-tenant-auditors-look-for.mdx,what-tenant-auditors-look-for,blog,carousel-outline,no,planned
19,2026-05-13-0900-anti-integration-019.md,2026-05-13,09:00,wed,yes,anti-integration,text-short,https://www.capveri.com/blog/cam-build-vs-buy,marketing/content/blog/cam-build-vs-buy.mdx,cam-build-vs-buy,blog,hook,no,planned
20,2026-05-13-1000-cam-math-020.md,2026-05-13,10:00,wed,yes,cam-math,video,https://www.capveri.com/blog/management-fee-calculation-errors,marketing/content/blog/management-fee-calculation-errors.mdx,management-fee-calculation-errors,blog,video-script,no,planned
21,2026-05-13-1100-industry-news-021.md,2026-05-13,11:00,wed,yes,industry-news,text-short,https://www.capveri.com/blog/sb-1103-one-year-later,marketing/content/blog/sb-1103-one-year-later.mdx,sb-1103-one-year-later,blog,hook,no,planned
22,2026-05-13-1200-cam-math-022.md,2026-05-13,12:00,wed,yes,cam-math,text-long,https://www.capveri.com/blog/mixed-use-cam-allocation-retail-office,marketing/content/blog/mixed-use-cam-allocation-retail-office.mdx,mixed-use-cam-allocation-retail-office,blog,framework,no,planned
23,2026-05-13-1300-erp-workarounds-023.md,2026-05-13,13:00,wed,yes,erp-workarounds,image-quote,https://www.capveri.com/blog/yardi-recovery-pool-not-calculating,marketing/content/blog/yardi-recovery-pool-not-calculating.mdx,yardi-recovery-pool-not-calculating,blog,stat-callout,no,planned
24,2026-05-13-1400-war-stories-024.md,2026-05-13,14:00,wed,yes,war-stories,text-short,https://www.capveri.com/blog/cam-demand-letter,marketing/content/blog/cam-demand-letter.mdx,cam-demand-letter,blog,hook,no,planned
25,2026-05-13-1500-cam-math-025.md,2026-05-13,15:00,wed,yes,cam-math,carousel,https://www.capveri.com/blog/cam-reconciliation-best-practices-boma,marketing/content/blog/cam-reconciliation-best-practices-boma.mdx,cam-reconciliation-best-practices-boma,blog,carousel-outline,no,planned
26,2026-05-13-1600-anti-integration-026.md,2026-05-13,16:00,wed,yes,anti-integration,text-short,https://www.capveri.com/blog/death-of-spreadsheet-cam,marketing/content/blog/death-of-spreadsheet-cam.mdx,death-of-spreadsheet-cam,blog,hook,no,planned
27,2026-05-13-1700-founder-027.md,2026-05-13,17:00,wed,yes,founder,text-long,original,original,original,original,war-story-extract,no,planned
28,2026-05-13-1800-cam-math-028.md,2026-05-13,18:00,wed,yes,cam-math,poll,https://www.capveri.com/blog/boma-2024-changes,marketing/content/blog/boma-2024-changes.mdx,boma-2024-changes,blog,poll-question,no,planned
29,2026-05-13-1900-product-029.md,2026-05-13,19:00,wed,yes,product,text-short,https://www.capveri.com/sample-report,original,sample-report,product,hook,no,planned
30,2026-05-13-2000-engagement-030.md,2026-05-13,20:00,wed,yes,engagement,text-short,original,original,original,original,contrarian,no,planned
31,2026-05-14-0600-cam-math-031.md,2026-05-14,06:00,thu,yes,cam-math,text-short,https://www.capveri.com/blog/boma-outdoor-area-measurement,marketing/content/blog/boma-outdoor-area-measurement.mdx,boma-outdoor-area-measurement,blog,hook,no,planned
32,2026-05-14-0700-erp-workarounds-032.md,2026-05-14,07:00,thu,yes,erp-workarounds,carousel,https://www.capveri.com/blog/cam-numbers-not-matching-yardi,marketing/content/blog/cam-numbers-not-matching-yardi.mdx,cam-numbers-not-matching-yardi,blog,carousel-outline,no,planned
33,2026-05-14-0800-war-stories-033.md,2026-05-14,08:00,thu,yes,war-stories,text-short,https://www.capveri.com/blog/rise-of-tenant-audit-firms,marketing/content/blog/rise-of-tenant-audit-firms.mdx,rise-of-tenant-audit-firms,blog,hook,no,planned
34,2026-05-14-0900-anti-integration-034.md,2026-05-14,09:00,thu,yes,anti-integration,text-long,https://www.capveri.com/blog/cam-highest-roi-process-to-automate,marketing/content/blog/cam-highest-roi-process-to-automate.mdx,cam-highest-roi-process-to-automate,blog,framework,no,planned
35,2026-05-14-1000-cam-math-035.md,2026-05-14,10:00,thu,yes,cam-math,text-short,https://www.capveri.com/blog/base-year-reset-lease-renewal,marketing/content/blog/base-year-reset-lease-renewal.mdx,base-year-reset-lease-renewal,blog,hook,no,planned
36,2026-05-14-1100-industry-news-036.md,2026-05-14,11:00,thu,yes,industry-news,video,https://www.capveri.com/blog/fasb-asc-842-cam-impact,marketing/content/blog/fasb-asc-842-cam-impact.mdx,fasb-asc-842-cam-impact,blog,video-script,no,planned
37,2026-05-14-1200-cam-math-037.md,2026-05-14,12:00,thu,yes,cam-math,text-short,https://www.capveri.com/blog/cap-carry-forward-tracking,marketing/content/blog/cap-carry-forward-tracking.mdx,cap-carry-forward-tracking,blog,hook,no,planned
38,2026-05-14-1300-erp-workarounds-038.md,2026-05-14,13:00,thu,yes,erp-workarounds,text-short,https://www.capveri.com/blog/mri-recovery-billing-gross-up-errors,marketing/content/blog/mri-recovery-billing-gross-up-errors.mdx,mri-recovery-billing-gross-up-errors,blog,hook,no,planned
39,2026-05-14-1400-war-stories-039.md,2026-05-14,14:00,thu,yes,war-stories,text-long,https://www.capveri.com/blog/cam-audit-defense-landlord-guide,marketing/content/blog/cam-audit-defense-landlord-guide.mdx,cam-audit-defense-landlord-guide,blog,framework,no,planned
40,2026-05-14-1500-cam-math-040.md,2026-05-14,15:00,thu,yes,cam-math,carousel,https://www.capveri.com/blog/mid-year-move-in-pro-rata-calculation,marketing/content/blog/mid-year-move-in-pro-rata-calculation.mdx,mid-year-move-in-pro-rata-calculation,blog,carousel-outline,no,planned
41,2026-05-14-1600-anti-integration-041.md,2026-05-14,16:00,thu,yes,anti-integration,text-short,https://www.capveri.com/blog/business-case-cam-software,marketing/content/blog/business-case-cam-software.mdx,business-case-cam-software,blog,hook,no,planned
42,2026-05-14-1700-founder-042.md,2026-05-14,17:00,thu,yes,founder,text-short,original,original,original,original,stat-callout,no,planned
43,2026-05-14-1800-cam-math-043.md,2026-05-14,18:00,thu,yes,cam-math,text-long,https://www.capveri.com/blog/mid-year-tenant-move-out-reconciliation,marketing/content/blog/mid-year-tenant-move-out-reconciliation.mdx,mid-year-tenant-move-out-reconciliation,blog,framework,no,planned
44,2026-05-14-1900-product-044.md,2026-05-14,19:00,thu,yes,product,image-quote,https://www.capveri.com/product-tour,original,product-tour,product,stat-callout,yes,planned
45,2026-05-14-2000-engagement-045.md,2026-05-14,20:00,thu,yes,engagement,poll,original,original,original,original,poll-question,no,planned
46,2026-05-15-0600-cam-math-046.md,2026-05-15,06:00,fri,yes,cam-math,image-quote,https://www.capveri.com/blog/cam-reconciliation-questions-property-managers-ask,marketing/content/blog/cam-reconciliation-questions-property-managers-ask.mdx,cam-reconciliation-questions-property-managers-ask,blog,stat-callout,no,planned
47,2026-05-15-0700-erp-workarounds-047.md,2026-05-15,07:00,fri,yes,erp-workarounds,text-short,https://www.capveri.com/blog/mri-share-type-building-vs-floor,marketing/content/blog/mri-share-type-building-vs-floor.mdx,mri-share-type-building-vs-floor,blog,hook,no,planned
48,2026-05-15-0800-war-stories-048.md,2026-05-15,08:00,fri,yes,war-stories,text-long,https://www.capveri.com/blog/tenant-disputing-cam-charges-step-by-step,marketing/content/blog/tenant-disputing-cam-charges-step-by-step.mdx,tenant-disputing-cam-charges-step-by-step,blog,framework,no,planned
49,2026-05-15-0900-anti-integration-049.md,2026-05-15,09:00,fri,yes,anti-integration,text-short,https://www.capveri.com/blog/speed-up-cam-reconciliation,marketing/content/blog/speed-up-cam-reconciliation.mdx,speed-up-cam-reconciliation,blog,hook,no,planned
50,2026-05-15-1000-cam-math-050.md,2026-05-15,10:00,fri,yes,cam-math,text-short,https://www.capveri.com/blog/how-long-should-cam-reconciliation-take,marketing/content/blog/how-long-should-cam-reconciliation-take.mdx,how-long-should-cam-reconciliation-take,blog,hook,no,planned
51,2026-05-15-1100-industry-news-051.md,2026-05-15,11:00,fri,yes,industry-news,carousel,https://www.capveri.com/blog/q1-2026-vacancy-rates-cam,marketing/content/blog/q1-2026-vacancy-rates-cam.mdx,q1-2026-vacancy-rates-cam,blog,carousel-outline,no,planned
52,2026-05-15-1200-cam-math-052.md,2026-05-15,12:00,fri,yes,cam-math,text-long,https://www.capveri.com/blog/30-minute-gl-review,marketing/content/blog/30-minute-gl-review.mdx,30-minute-gl-review,blog,framework,no,planned
53,2026-05-15-1300-erp-workarounds-053.md,2026-05-15,13:00,fri,yes,erp-workarounds,text-short,https://www.capveri.com/blog/realpage-cam-pool-configuration-guide,marketing/content/blog/realpage-cam-pool-configuration-guide.mdx,realpage-cam-pool-configuration-guide,blog,hook,no,planned
54,2026-05-15-1400-war-stories-054.md,2026-05-15,14:00,fri,yes,war-stories,text-short,https://www.capveri.com/blog/how-cpas-verify-cam-charges,marketing/content/blog/how-cpas-verify-cam-charges.mdx,how-cpas-verify-cam-charges,blog,hook,no,planned
55,2026-05-15-1500-cam-math-055.md,2026-05-15,15:00,fri,yes,cam-math,video,https://www.capveri.com/blog/batch-cam-reconciliation-multiple-properties,marketing/content/blog/batch-cam-reconciliation-multiple-properties.mdx,batch-cam-reconciliation-multiple-properties,blog,video-script,no,planned
56,2026-05-15-1600-anti-integration-056.md,2026-05-15,16:00,fri,yes,anti-integration,text-long,https://www.capveri.com/blog/cam-reconciliation-too-slow,marketing/content/blog/cam-reconciliation-too-slow.mdx,cam-reconciliation-too-slow,blog,framework,no,planned
57,2026-05-15-1700-founder-057.md,2026-05-15,17:00,fri,yes,founder,text-short,original,original,original,original,definition,no,planned
58,2026-05-15-1800-cam-math-058.md,2026-05-15,18:00,fri,yes,cam-math,carousel,https://www.capveri.com/blog/documenting-lease-exclusions,marketing/content/blog/documenting-lease-exclusions.mdx,documenting-lease-exclusions,blog,carousel-outline,no,planned
59,2026-05-15-1900-product-059.md,2026-05-15,19:00,fri,yes,product,text-short,https://www.capveri.com/cam-audit-software,original,cam-audit-software,product,hook,no,planned
60,2026-05-15-2000-engagement-060.md,2026-05-15,20:00,fri,yes,engagement,poll,original,original,original,original,poll-question,no,planned
61,2026-05-16-0700-cam-math-061.md,2026-05-16,07:00,sat,no,cam-math,text-short,https://www.capveri.com/blog/reconciliation-cover-letter-template,marketing/content/blog/reconciliation-cover-letter-template.mdx,reconciliation-cover-letter-template,blog,hook,no,planned
62,2026-05-16-0830-war-stories-062.md,2026-05-16,08:30,sat,no,war-stories,carousel,https://www.capveri.com/blog/cpa-guide-cam-reconciliation-audit,marketing/content/blog/cpa-guide-cam-reconciliation-audit.mdx,cpa-guide-cam-reconciliation-audit,blog,carousel-outline,yes,planned
63,2026-05-16-1000-cam-math-063.md,2026-05-16,10:00,sat,no,cam-math,text-long,https://www.capveri.com/blog/year-end-operating-expense-true-up,marketing/content/blog/year-end-operating-expense-true-up.mdx,year-end-operating-expense-true-up,blog,framework,no,planned
64,2026-05-16-1130-anti-integration-064.md,2026-05-16,11:30,sat,no,anti-integration,text-short,https://www.capveri.com/blog/hidden-cost-late-reconciliation,marketing/content/blog/hidden-cost-late-reconciliation.mdx,hidden-cost-late-reconciliation,blog,hook,no,planned
65,2026-05-16-1300-cam-math-065.md,2026-05-16,13:00,sat,no,cam-math,image-quote,https://www.capveri.com/blog/cam-reconciliation-season-2026-guide,marketing/content/blog/cam-reconciliation-season-2026-guide.mdx,cam-reconciliation-season-2026-guide,blog,stat-callout,no,planned
66,2026-05-16-1430-war-stories-066.md,2026-05-16,14:30,sat,no,war-stories,text-short,https://www.capveri.com/blog/pe-firms-evaluate-cam-at-acquisition,marketing/content/blog/pe-firms-evaluate-cam-at-acquisition.mdx,pe-firms-evaluate-cam-at-acquisition,blog,hook,no,planned
67,2026-05-16-1600-cam-math-067.md,2026-05-16,16:00,sat,no,cam-math,text-long,https://www.capveri.com/blog/automating-estimate-letters,marketing/content/blog/automating-estimate-letters.mdx,automating-estimate-letters,blog,framework,no,planned
68,2026-05-16-1730-founder-068.md,2026-05-16,17:30,sat,no,founder,text-short,original,original,original,original,war-story-extract,no,planned
69,2026-05-16-1900-anti-integration-069.md,2026-05-16,19:00,sat,no,anti-integration,carousel,https://www.capveri.com/blog/mid-market-pmc-cam-automation-guide,marketing/content/blog/mid-market-pmc-cam-automation-guide.mdx,mid-market-pmc-cam-automation-guide,blog,carousel-outline,no,planned
70,2026-05-16-2030-engagement-070.md,2026-05-16,20:30,sat,no,engagement,text-short,original,original,original,original,war-story-extract,no,planned
71,2026-05-17-0700-cam-math-071.md,2026-05-17,07:00,sun,no,cam-math,text-long,https://www.capveri.com/resources/cam-gross-up-calculation-guide,marketing/content/resources/cam-gross-up-calculation-guide.mdx,cam-gross-up-calculation-guide,resource,framework,no,planned
72,2026-05-17-0830-war-stories-072.md,2026-05-17,08:30,sun,no,war-stories,text-short,https://www.capveri.com/blog/institutional-investors-recovery-ratios,marketing/content/blog/institutional-investors-recovery-ratios.mdx,institutional-investors-recovery-ratios,blog,hook,no,planned
73,2026-05-17-1000-cam-math-073.md,2026-05-17,10:00,sun,no,cam-math,text-short,https://www.capveri.com/resources/cam-expense-caps,marketing/content/resources/cam-expense-caps.mdx,cam-expense-caps,resource,hook,no,planned
74,2026-05-17-1130-anti-integration-074.md,2026-05-17,11:30,sun,no,anti-integration,carousel,https://www.capveri.com/blog/controller-career-path-cre-finops,marketing/content/blog/controller-career-path-cre-finops.mdx,controller-career-path-cre-finops,blog,carousel-outline,no,planned
75,2026-05-17-1300-cam-math-075.md,2026-05-17,13:00,sun,no,cam-math,text-short,https://www.capveri.com/resources/cam-cap-types,marketing/content/resources/cam-cap-types.mdx,cam-cap-types,resource,hook,no,planned
76,2026-05-17-1430-war-stories-076.md,2026-05-17,14:30,sun,no,war-stories,text-long,https://www.capveri.com/blog/cam-reconciliation-audit-trail,marketing/content/blog/cam-reconciliation-audit-trail.mdx,cam-reconciliation-audit-trail,blog,framework,no,planned
77,2026-05-17-1600-cam-math-077.md,2026-05-17,16:00,sun,no,cam-math,text-short,https://www.capveri.com/resources/anchor-exclusion-cam,marketing/content/resources/anchor-exclusion-cam.mdx,anchor-exclusion-cam,resource,hook,no,planned
78,2026-05-17-1730-founder-078.md,2026-05-17,17:30,sun,no,founder,video,original,original,original,original,video-script,no,planned
79,2026-05-17-1900-anti-integration-079.md,2026-05-17,19:00,sun,no,anti-integration,text-short,https://www.capveri.com/resources/cam-build-vs-buy,marketing/content/resources/cam-build-vs-buy.mdx,cam-build-vs-buy,resource,contrarian,no,planned
80,2026-05-17-2030-engagement-080.md,2026-05-17,20:30,sun,no,engagement,image-quote,original,original,original,original,hook,no,planned
81,2026-05-18-0600-cam-math-081.md,2026-05-18,06:00,mon,yes,cam-math,text-short,https://www.capveri.com/resources/base-year-cam-lease,marketing/content/resources/base-year-cam-lease.mdx,base-year-cam-lease,resource,hook,no,planned
82,2026-05-18-0700-erp-workarounds-082.md,2026-05-18,07:00,mon,yes,erp-workarounds,text-long,https://www.capveri.com/blog/cam-software-works-with-yardi,marketing/content/blog/cam-software-works-with-yardi.mdx,cam-software-works-with-yardi,blog,framework,no,planned
83,2026-05-18-0800-war-stories-083.md,2026-05-18,08:00,mon,yes,war-stories,image-quote,https://www.capveri.com/resources/top-15-cam-billing-errors,marketing/content/resources/top-15-cam-billing-errors.mdx,top-15-cam-billing-errors,resource,stat-callout,no,planned
84,2026-05-18-0900-anti-integration-084.md,2026-05-18,09:00,mon,yes,anti-integration,carousel,https://www.capveri.com/resources/data-migration-off-excel,marketing/content/resources/data-migration-off-excel.mdx,data-migration-off-excel,resource,carousel-outline,no,planned
85,2026-05-18-1000-cam-math-085.md,2026-05-18,10:00,mon,yes,cam-math,text-short,https://www.capveri.com/resources/base-year-expense-stop,marketing/content/resources/base-year-expense-stop.mdx,base-year-expense-stop,resource,hook,no,planned
86,2026-05-18-1100-industry-news-086.md,2026-05-18,11:00,mon,yes,industry-news,text-short,https://www.capveri.com/blog/sun-belt-migration-cam,marketing/content/blog/sun-belt-migration-cam.mdx,sun-belt-migration-cam,blog,hook,no,planned
87,2026-05-18-1200-cam-math-087.md,2026-05-18,12:00,mon,yes,cam-math,text-long,https://www.capveri.com/resources/admin-fee-calculation-methods,marketing/content/resources/admin-fee-calculation-methods.mdx,admin-fee-calculation-methods,resource,framework,no,planned
88,2026-05-18-1300-erp-workarounds-088.md,2026-05-18,13:00,mon,yes,erp-workarounds,video,https://www.capveri.com/blog/yardi-alternative-cam-reconciliation,marketing/content/blog/yardi-alternative-cam-reconciliation.mdx,yardi-alternative-cam-reconciliation,blog,video-script,no,planned
89,2026-05-18-1400-war-stories-089.md,2026-05-18,14:00,mon,yes,war-stories,text-short,https://www.capveri.com/resources/tenant-auditor-guide,marketing/content/resources/tenant-auditor-guide.mdx,tenant-auditor-guide,resource,hook,no,planned
90,2026-05-18-1500-cam-math-090.md,2026-05-18,15:00,mon,yes,cam-math,text-short,https://www.capveri.com/resources/cam-estimate-forecasting,marketing/content/resources/cam-estimate-forecasting.mdx,cam-estimate-forecasting,resource,hook,no,planned
91,2026-05-18-1600-anti-integration-091.md,2026-05-18,16:00,mon,yes,anti-integration,carousel,https://www.capveri.com/resources/deterministic-vs-ai-cam,marketing/content/resources/deterministic-vs-ai-cam.mdx,deterministic-vs-ai-cam,resource,carousel-outline,no,planned
92,2026-05-18-1700-founder-092.md,2026-05-18,17:00,mon,yes,founder,text-long,original,original,original,original,stat-callout,no,planned
93,2026-05-18-1800-cam-math-093.md,2026-05-18,18:00,mon,yes,cam-math,text-short,https://www.capveri.com/resources/cam-presend-checklist,marketing/content/resources/cam-presend-checklist.mdx,cam-presend-checklist,resource,hook,no,planned
94,2026-05-18-1900-product-094.md,2026-05-18,19:00,mon,yes,product,poll,https://www.capveri.com/roi,original,roi,product,poll-question,yes,planned
95,2026-05-18-2000-engagement-095.md,2026-05-18,20:00,mon,yes,engagement,text-short,original,original,original,original,contrarian,no,planned
96,2026-05-19-0600-cam-math-096.md,2026-05-19,06:00,tue,yes,cam-math,text-short,https://www.capveri.com/resources/boma-2024-implementation-guide,marketing/content/resources/boma-2024-implementation-guide.mdx,boma-2024-implementation-guide,resource,hook,no,planned
97,2026-05-19-0700-erp-workarounds-097.md,2026-05-19,07:00,tue,yes,erp-workarounds,text-long,https://www.capveri.com/resources/yardi-cam-configuration-errors,marketing/content/resources/yardi-cam-configuration-errors.mdx,yardi-cam-configuration-errors,resource,framework,no,planned
98,2026-05-19-0800-war-stories-098.md,2026-05-19,08:00,tue,yes,war-stories,text-short,https://www.capveri.com/resources/landlord-cam-audit-defense-playbook,marketing/content/resources/landlord-cam-audit-defense-playbook.mdx,landlord-cam-audit-defense-playbook,resource,hook,no,planned
99,2026-05-19-0900-anti-integration-099.md,2026-05-19,09:00,tue,yes,anti-integration,carousel,https://www.capveri.com/resources/ai-cam-reconciliation-limits,marketing/content/resources/ai-cam-reconciliation-limits.mdx,ai-cam-reconciliation-limits,resource,carousel-outline,no,planned
100,2026-05-19-1000-cam-math-100.md,2026-05-19,10:00,tue,yes,cam-math,text-short,https://www.capveri.com/resources/boma-2024-noi-impact,marketing/content/resources/boma-2024-noi-impact.mdx,boma-2024-noi-impact,resource,hook,no,planned
101,2026-05-19-1100-industry-news-101.md,2026-05-19,11:00,tue,yes,industry-news,image-quote,https://www.capveri.com/blog/dfw-industrial-cam,marketing/content/blog/dfw-industrial-cam.mdx,dfw-industrial-cam,blog,stat-callout,no,planned
102,2026-05-19-1200-cam-math-102.md,2026-05-19,12:00,tue,yes,cam-math,text-long,https://www.capveri.com/resources/cam-billing-kpis,marketing/content/resources/cam-billing-kpis.mdx,cam-billing-kpis,resource,framework,no,planned
103,2026-05-19-1300-erp-workarounds-103.md,2026-05-19,13:00,tue,yes,erp-workarounds,text-short,https://www.capveri.com/resources/export-cam-yardi-voyager,marketing/content/resources/export-cam-yardi-voyager.mdx,export-cam-yardi-voyager,resource,hook,no,planned
104,2026-05-19-1400-war-stories-104.md,2026-05-19,14:00,tue,yes,war-stories,video,https://www.capveri.com/resources/cam-leakage-guide,marketing/content/resources/cam-leakage-guide.mdx,cam-leakage-guide,resource,video-script,no,planned
105,2026-05-19-1500-cam-math-105.md,2026-05-19,15:00,tue,yes,cam-math,text-short,https://www.capveri.com/resources/cam-reconciliation-cost,marketing/content/resources/cam-reconciliation-cost.mdx,cam-reconciliation-cost,resource,hook,no,planned
106,2026-05-19-1600-anti-integration-106.md,2026-05-19,16:00,tue,yes,anti-integration,text-long,https://www.capveri.com/blog/automate-cam-without-replacing-yardi,marketing/content/blog/automate-cam-without-replacing-yardi.mdx,automate-cam-without-replacing-yardi,blog,war-story-extract,no,planned
107,2026-05-19-1700-founder-107.md,2026-05-19,17:00,tue,yes,founder,carousel,original,original,original,original,carousel-outline,no,planned
108,2026-05-19-1800-cam-math-108.md,2026-05-19,18:00,tue,yes,cam-math,text-short,https://www.capveri.com/resources/cam-cap-calculation-guide,marketing/content/resources/cam-cap-calculation-guide.mdx,cam-cap-calculation-guide,resource,hook,no,planned
109,2026-05-19-1900-product-109.md,2026-05-19,19:00,tue,yes,product,poll,https://www.capveri.com/pricing,original,pricing,product,poll-question,no,planned
110,2026-05-19-2000-engagement-110.md,2026-05-19,20:00,tue,yes,engagement,text-long,original,original,original,original,contrarian,no,planned
111,2026-05-20-0600-cam-math-111.md,2026-05-20,06:00,wed,yes,cam-math,text-long,https://www.capveri.com/resources/cam-true-up,marketing/content/resources/cam-true-up.mdx,cam-true-up,resource,framework,no,planned
112,2026-05-20-0700-erp-workarounds-112.md,2026-05-20,07:00,wed,yes,erp-workarounds,text-short,https://www.capveri.com/resources/export-cam-mri,marketing/content/resources/export-cam-mri.mdx,export-cam-mri,resource,hook,no,planned
113,2026-05-20-0800-war-stories-113.md,2026-05-20,08:00,wed,yes,war-stories,carousel,https://www.capveri.com/resources/cam-leakage-benchmarks-property-type,marketing/content/resources/cam-leakage-benchmarks-property-type.mdx,cam-leakage-benchmarks-property-type,resource,carousel-outline,no,planned
114,2026-05-20-0900-anti-integration-114.md,2026-05-20,09:00,wed,yes,anti-integration,text-short,https://www.capveri.com/blog/replace-excel-cam-reconciliation,marketing/content/blog/replace-excel-cam-reconciliation.mdx,replace-excel-cam-reconciliation,blog,contrarian,no,planned
115,2026-05-20-1000-cam-math-115.md,2026-05-20,10:00,wed,yes,cam-math,video,https://www.capveri.com/resources/denominator-change-guide,marketing/content/resources/denominator-change-guide.mdx,denominator-change-guide,resource,video-script,no,planned
116,2026-05-20-1100-industry-news-116.md,2026-05-20,11:00,wed,yes,industry-news,text-short,https://www.capveri.com/blog/houston-office-cam-high-vacancy,marketing/content/blog/houston-office-cam-high-vacancy.mdx,houston-office-cam-high-vacancy,blog,hook,no,planned
117,2026-05-20-1200-cam-math-117.md,2026-05-20,12:00,wed,yes,cam-math,text-long,https://www.capveri.com/resources/denominator-drift,marketing/content/resources/denominator-drift.mdx,denominator-drift,resource,framework,no,planned
118,2026-05-20-1300-erp-workarounds-118.md,2026-05-20,13:00,wed,yes,erp-workarounds,image-quote,https://www.capveri.com/resources/export-cam-realpage,marketing/content/resources/export-cam-realpage.mdx,export-cam-realpage,resource,stat-callout,no,planned
119,2026-05-20-1400-war-stories-119.md,2026-05-20,14:00,wed,yes,war-stories,text-short,https://www.capveri.com/resources/self-audit-cam-billing,marketing/content/resources/self-audit-cam-billing.mdx,self-audit-cam-billing,resource,hook,no,planned
120,2026-05-20-1500-cam-math-120.md,2026-05-20,15:00,wed,yes,cam-math,carousel,https://www.capveri.com/resources/pro-rata-share-calculation,marketing/content/resources/pro-rata-share-calculation.mdx,pro-rata-share-calculation,resource,carousel-outline,no,planned
121,2026-05-20-1600-anti-integration-121.md,2026-05-20,16:00,wed,yes,anti-integration,text-short,https://www.capveri.com/blog/cam-build-vs-buy,marketing/content/blog/cam-build-vs-buy.mdx,cam-build-vs-buy,blog,stat-callout,no,planned
122,2026-05-20-1700-founder-122.md,2026-05-20,17:00,wed,yes,founder,text-long,original,original,original,original,framework,no,planned
123,2026-05-20-1800-cam-math-123.md,2026-05-20,18:00,wed,yes,cam-math,poll,https://www.capveri.com/resources/gl-analysis-explained,marketing/content/resources/gl-analysis-explained.mdx,gl-analysis-explained,resource,poll-question,no,planned
124,2026-05-20-1900-product-124.md,2026-05-20,19:00,wed,yes,product,text-short,https://www.capveri.com/sample-report,original,sample-report,product,contrarian,yes,planned
125,2026-05-20-2000-engagement-125.md,2026-05-20,20:00,wed,yes,engagement,text-short,original,original,original,original,definition,no,planned
126,2026-05-21-0600-cam-math-126.md,2026-05-21,06:00,thu,yes,cam-math,text-short,https://www.capveri.com/resources/cam-variance-analysis,marketing/content/resources/cam-variance-analysis.mdx,cam-variance-analysis,resource,hook,no,planned
127,2026-05-21-0700-erp-workarounds-127.md,2026-05-21,07:00,thu,yes,erp-workarounds,carousel,https://www.capveri.com/resources/mri-cam-recovery-errors,marketing/content/resources/mri-cam-recovery-errors.mdx,mri-cam-recovery-errors,resource,carousel-outline,no,planned
128,2026-05-21-0800-war-stories-128.md,2026-05-21,08:00,thu,yes,war-stories,text-short,https://www.capveri.com/resources/tenant-cam-dispute,marketing/content/resources/tenant-cam-dispute.mdx,tenant-cam-dispute,resource,hook,no,planned
129,2026-05-21-0900-anti-integration-129.md,2026-05-21,09:00,thu,yes,anti-integration,text-long,https://www.capveri.com/blog/death-of-spreadsheet-cam,marketing/content/blog/death-of-spreadsheet-cam.mdx,death-of-spreadsheet-cam,blog,war-story-extract,no,planned
130,2026-05-21-1000-cam-math-130.md,2026-05-21,10:00,thu,yes,cam-math,text-short,https://www.capveri.com/resources/cam-reconciliation-for-property-managers,marketing/content/resources/cam-reconciliation-for-property-managers.mdx,cam-reconciliation-for-property-managers,resource,hook,no,planned
131,2026-05-21-1100-industry-news-131.md,2026-05-21,11:00,thu,yes,industry-news,video,https://www.capveri.com/blog/property-tax-appeal-cam-impact,marketing/content/blog/property-tax-appeal-cam-impact.mdx,property-tax-appeal-cam-impact,blog,video-script,no,planned
132,2026-05-21-1200-cam-math-132.md,2026-05-21,12:00,thu,yes,cam-math,text-short,https://www.capveri.com/resources/cam-reconciliation-timeline-guide,marketing/content/resources/cam-reconciliation-timeline-guide.mdx,cam-reconciliation-timeline-guide,resource,hook,no,planned
133,2026-05-21-1300-erp-workarounds-133.md,2026-05-21,13:00,thu,yes,erp-workarounds,text-short,https://www.capveri.com/blog/yardi-gl-export-not-balancing,marketing/content/blog/yardi-gl-export-not-balancing.mdx,yardi-gl-export-not-balancing,blog,contrarian,no,planned
134,2026-05-21-1400-war-stories-134.md,2026-05-21,14:00,thu,yes,war-stories,text-long,https://www.capveri.com/blog/cost-single-cam-error-case-study,marketing/content/blog/cost-single-cam-error-case-study.mdx,cost-single-cam-error-case-study,blog,war-story-extract,no,planned
135,2026-05-21-1500-cam-math-135.md,2026-05-21,15:00,thu,yes,cam-math,carousel,https://www.capveri.com/resources/cam-reconciliation-checklist-2026,marketing/content/resources/cam-reconciliation-checklist-2026.mdx,cam-reconciliation-checklist-2026,resource,carousel-outline,no,planned
136,2026-05-21-1600-anti-integration-136.md,2026-05-21,16:00,thu,yes,anti-integration,text-short,https://www.capveri.com/blog/cam-highest-roi-process-to-automate,marketing/content/blog/cam-highest-roi-process-to-automate.mdx,cam-highest-roi-process-to-automate,blog,contrarian,no,planned
137,2026-05-21-1700-founder-137.md,2026-05-21,17:00,thu,yes,founder,text-short,original,original,original,original,war-story-extract,no,planned
138,2026-05-21-1800-cam-math-138.md,2026-05-21,18:00,thu,yes,cam-math,text-long,https://www.capveri.com/blog/what-is-cam-reconciliation,marketing/content/blog/what-is-cam-reconciliation.mdx,what-is-cam-reconciliation,blog,war-story-extract,no,planned
139,2026-05-21-1900-product-139.md,2026-05-21,19:00,thu,yes,product,image-quote,https://www.capveri.com/product-tour,original,product-tour,product,hook,no,planned
140,2026-05-21-2000-engagement-140.md,2026-05-21,20:00,thu,yes,engagement,poll,original,original,original,original,poll-question,no,planned
141,2026-05-22-0600-cam-math-141.md,2026-05-22,06:00,fri,yes,cam-math,image-quote,https://www.capveri.com/blog/cam-true-up-vs-cam-reconciliation,marketing/content/blog/cam-true-up-vs-cam-reconciliation.mdx,cam-true-up-vs-cam-reconciliation,blog,hook,no,planned
142,2026-05-22-0700-erp-workarounds-142.md,2026-05-22,07:00,fri,yes,erp-workarounds,text-short,https://www.capveri.com/blog/fix-cam-calculation-yardi-voyager,marketing/content/blog/fix-cam-calculation-yardi-voyager.mdx,fix-cam-calculation-yardi-voyager,blog,contrarian,no,planned
143,2026-05-22-0800-war-stories-143.md,2026-05-22,08:00,fri,yes,war-stories,text-long,https://www.capveri.com/blog/cam-overbilling-liability,marketing/content/blog/cam-overbilling-liability.mdx,cam-overbilling-liability,blog,war-story-extract,no,planned
144,2026-05-22-0900-anti-integration-144.md,2026-05-22,09:00,fri,yes,anti-integration,text-short,https://www.capveri.com/blog/business-case-cam-software,marketing/content/blog/business-case-cam-software.mdx,business-case-cam-software,blog,contrarian,no,planned
145,2026-05-22-1000-cam-math-145.md,2026-05-22,10:00,fri,yes,cam-math,text-short,https://www.capveri.com/blog/cam-reconciliation-errors,marketing/content/blog/cam-reconciliation-errors.mdx,cam-reconciliation-errors,blog,contrarian,no,planned
146,2026-05-22-1100-industry-news-146.md,2026-05-22,11:00,fri,yes,industry-news,carousel,https://www.capveri.com/blog/cam-reconciliation-deadlines,marketing/content/blog/cam-reconciliation-deadlines.mdx,cam-reconciliation-deadlines,blog,carousel-outline,no,planned
147,2026-05-22-1200-cam-math-147.md,2026-05-22,12:00,fri,yes,cam-math,text-long,https://www.capveri.com/blog/cam-exclusion-list-complete-guide,marketing/content/blog/cam-exclusion-list-complete-guide.mdx,cam-exclusion-list-complete-guide,blog,war-story-extract,no,planned
148,2026-05-22-1300-erp-workarounds-148.md,2026-05-22,13:00,fri,yes,erp-workarounds,text-short,https://www.capveri.com/blog/yardi-cam-recovery-pool-setup,marketing/content/blog/yardi-cam-recovery-pool-setup.mdx,yardi-cam-recovery-pool-setup,blog,contrarian,no,planned
149,2026-05-22-1400-war-stories-149.md,2026-05-22,14:00,fri,yes,war-stories,text-short,https://www.capveri.com/blog/what-tenant-auditors-look-for,marketing/content/blog/what-tenant-auditors-look-for.mdx,what-tenant-auditors-look-for,blog,contrarian,no,planned
150,2026-05-22-1500-cam-math-150.md,2026-05-22,15:00,fri,yes,cam-math,video,https://www.capveri.com/blog/capital-expenditure-cam-pool-rules,marketing/content/blog/capital-expenditure-cam-pool-rules.mdx,capital-expenditure-cam-pool-rules,blog,video-script,no,planned
151,2026-05-22-1600-anti-integration-151.md,2026-05-22,16:00,fri,yes,anti-integration,text-long,https://www.capveri.com/blog/speed-up-cam-reconciliation,marketing/content/blog/speed-up-cam-reconciliation.mdx,speed-up-cam-reconciliation,blog,war-story-extract,no,planned
152,2026-05-22-1700-founder-152.md,2026-05-22,17:00,fri,yes,founder,text-short,original,original,original,original,hook,no,planned
153,2026-05-22-1800-cam-math-153.md,2026-05-22,18:00,fri,yes,cam-math,carousel,https://www.capveri.com/blog/management-fee-cam-charges-rules,marketing/content/blog/management-fee-cam-charges-rules.mdx,management-fee-cam-charges-rules,blog,carousel-outline,no,planned
154,2026-05-22-1900-product-154.md,2026-05-22,19:00,fri,yes,product,text-short,https://www.capveri.com/cam-audit-software,original,cam-audit-software,product,contrarian,yes,planned
155,2026-05-22-2000-engagement-155.md,2026-05-22,20:00,fri,yes,engagement,poll,original,original,original,original,poll-question,no,planned
156,2026-05-23-0700-cam-math-156.md,2026-05-23,07:00,sat,no,cam-math,text-short,https://www.capveri.com/blog/management-fee-calculation-errors,marketing/content/blog/management-fee-calculation-errors.mdx,management-fee-calculation-errors,blog,contrarian,no,planned
157,2026-05-23-0830-war-stories-157.md,2026-05-23,08:30,sat,no,war-stories,carousel,https://www.capveri.com/blog/cam-demand-letter,marketing/content/blog/cam-demand-letter.mdx,cam-demand-letter,blog,carousel-outline,no,planned
158,2026-05-23-1000-cam-math-158.md,2026-05-23,10:00,sat,no,cam-math,text-long,https://www.capveri.com/blog/mixed-use-cam-allocation-retail-office,marketing/content/blog/mixed-use-cam-allocation-retail-office.mdx,mixed-use-cam-allocation-retail-office,blog,war-story-extract,no,planned
159,2026-05-23-1130-anti-integration-159.md,2026-05-23,11:30,sat,no,anti-integration,text-short,https://www.capveri.com/blog/cam-reconciliation-too-slow,marketing/content/blog/cam-reconciliation-too-slow.mdx,cam-reconciliation-too-slow,blog,contrarian,no,planned
160,2026-05-23-1300-cam-math-160.md,2026-05-23,13:00,sat,no,cam-math,image-quote,https://www.capveri.com/blog/cam-reconciliation-best-practices-boma,marketing/content/blog/cam-reconciliation-best-practices-boma.mdx,cam-reconciliation-best-practices-boma,blog,hook,no,planned
161,2026-05-23-1430-war-stories-161.md,2026-05-23,14:30,sat,no,war-stories,text-short,https://www.capveri.com/blog/rise-of-tenant-audit-firms,marketing/content/blog/rise-of-tenant-audit-firms.mdx,rise-of-tenant-audit-firms,blog,contrarian,no,planned
162,2026-05-23-1600-cam-math-162.md,2026-05-23,16:00,sat,no,cam-math,text-long,https://www.capveri.com/blog/boma-2024-changes,marketing/content/blog/boma-2024-changes.mdx,boma-2024-changes,blog,war-story-extract,no,planned
163,2026-05-23-1730-founder-163.md,2026-05-23,17:30,sat,no,founder,text-short,original,original,original,original,contrarian,no,planned
164,2026-05-23-1900-anti-integration-164.md,2026-05-23,19:00,sat,no,anti-integration,carousel,https://www.capveri.com/blog/hidden-cost-late-reconciliation,marketing/content/blog/hidden-cost-late-reconciliation.mdx,hidden-cost-late-reconciliation,blog,carousel-outline,no,planned
165,2026-05-23-2030-engagement-165.md,2026-05-23,20:30,sat,no,engagement,text-short,original,original,original,original,contrarian,no,planned
166,2026-05-24-0700-cam-math-166.md,2026-05-24,07:00,sun,no,cam-math,text-long,https://www.capveri.com/blog/boma-outdoor-area-measurement,marketing/content/blog/boma-outdoor-area-measurement.mdx,boma-outdoor-area-measurement,blog,war-story-extract,no,planned
167,2026-05-24-0830-war-stories-167.md,2026-05-24,08:30,sun,no,war-stories,text-short,https://www.capveri.com/blog/cam-audit-defense-landlord-guide,marketing/content/blog/cam-audit-defense-landlord-guide.mdx,cam-audit-defense-landlord-guide,blog,contrarian,yes,planned
168,2026-05-24-1000-cam-math-168.md,2026-05-24,10:00,sun,no,cam-math,text-short,https://www.capveri.com/blog/base-year-reset-lease-renewal,marketing/content/blog/base-year-reset-lease-renewal.mdx,base-year-reset-lease-renewal,blog,contrarian,no,planned
169,2026-05-24-1130-anti-integration-169.md,2026-05-24,11:30,sun,no,anti-integration,carousel,https://www.capveri.com/blog/mid-market-pmc-cam-automation-guide,marketing/content/blog/mid-market-pmc-cam-automation-guide.mdx,mid-market-pmc-cam-automation-guide,blog,carousel-outline,no,planned
170,2026-05-24-1300-cam-math-170.md,2026-05-24,13:00,sun,no,cam-math,text-short,https://www.capveri.com/blog/cap-carry-forward-tracking,marketing/content/blog/cap-carry-forward-tracking.mdx,cap-carry-forward-tracking,blog,contrarian,no,planned
171,2026-05-24-1430-war-stories-171.md,2026-05-24,14:30,sun,no,war-stories,text-long,https://www.capveri.com/blog/tenant-disputing-cam-charges-step-by-step,marketing/content/blog/tenant-disputing-cam-charges-step-by-step.mdx,tenant-disputing-cam-charges-step-by-step,blog,war-story-extract,no,planned
172,2026-05-24-1600-cam-math-172.md,2026-05-24,16:00,sun,no,cam-math,text-short,https://www.capveri.com/blog/mid-year-move-in-pro-rata-calculation,marketing/content/blog/mid-year-move-in-pro-rata-calculation.mdx,mid-year-move-in-pro-rata-calculation,blog,contrarian,no,planned
173,2026-05-24-1730-founder-173.md,2026-05-24,17:30,sun,no,founder,video,original,original,original,original,video-script,no,planned
174,2026-05-24-1900-anti-integration-174.md,2026-05-24,19:00,sun,no,anti-integration,text-short,https://www.capveri.com/blog/controller-career-path-cre-finops,marketing/content/blog/controller-career-path-cre-finops.mdx,controller-career-path-cre-finops,blog,contrarian,no,planned
175,2026-05-24-2030-engagement-175.md,2026-05-24,20:30,sun,no,engagement,image-quote,original,original,original,original,stat-callout,no,planned
176,2026-05-25-0600-cam-math-176.md,2026-05-25,06:00,mon,yes,cam-math,text-short,https://www.capveri.com/blog/mid-year-tenant-move-out-reconciliation,marketing/content/blog/mid-year-tenant-move-out-reconciliation.mdx,mid-year-tenant-move-out-reconciliation,blog,contrarian,no,planned
177,2026-05-25-0700-erp-workarounds-177.md,2026-05-25,07:00,mon,yes,erp-workarounds,text-long,https://www.capveri.com/blog/yardi-recovery-pool-not-calculating,marketing/content/blog/yardi-recovery-pool-not-calculating.mdx,yardi-recovery-pool-not-calculating,blog,war-story-extract,no,planned
178,2026-05-25-0800-war-stories-178.md,2026-05-25,08:00,mon,yes,war-stories,image-quote,https://www.capveri.com/blog/how-cpas-verify-cam-charges,marketing/content/blog/how-cpas-verify-cam-charges.mdx,how-cpas-verify-cam-charges,blog,hook,no,planned
179,2026-05-25-0900-anti-integration-179.md,2026-05-25,09:00,mon,yes,anti-integration,carousel,https://www.capveri.com/resources/cam-build-vs-buy,marketing/content/resources/cam-build-vs-buy.mdx,cam-build-vs-buy,resource,carousel-outline,no,planned
180,2026-05-25-1000-cam-math-180.md,2026-05-25,10:00,mon,yes,cam-math,text-short,https://www.capveri.com/blog/cam-reconciliation-questions-property-managers-ask,marketing/content/blog/cam-reconciliation-questions-property-managers-ask.mdx,cam-reconciliation-questions-property-managers-ask,blog,contrarian,no,planned
181,2026-05-25-1100-industry-news-181.md,2026-05-25,11:00,mon,yes,industry-news,text-short,https://www.capveri.com/blog/irem-operating-expense-benchmarks,marketing/content/blog/irem-operating-expense-benchmarks.mdx,irem-operating-expense-benchmarks,blog,hook,no,planned
182,2026-05-25-1200-cam-math-182.md,2026-05-25,12:00,mon,yes,cam-math,text-long,https://www.capveri.com/blog/how-long-should-cam-reconciliation-take,marketing/content/blog/how-long-should-cam-reconciliation-take.mdx,how-long-should-cam-reconciliation-take,blog,war-story-extract,no,planned
183,2026-05-25-1300-erp-workarounds-183.md,2026-05-25,13:00,mon,yes,erp-workarounds,video,https://www.capveri.com/blog/cam-numbers-not-matching-yardi,marketing/content/blog/cam-numbers-not-matching-yardi.mdx,cam-numbers-not-matching-yardi,blog,video-script,no,planned
184,2026-05-25-1400-war-stories-184.md,2026-05-25,14:00,mon,yes,war-stories,text-short,https://www.capveri.com/blog/cpa-guide-cam-reconciliation-audit,marketing/content/blog/cpa-guide-cam-reconciliation-audit.mdx,cpa-guide-cam-reconciliation-audit,blog,contrarian,no,planned
185,2026-05-25-1500-cam-math-185.md,2026-05-25,15:00,mon,yes,cam-math,text-short,https://www.capveri.com/blog/30-minute-gl-review,marketing/content/blog/30-minute-gl-review.mdx,30-minute-gl-review,blog,contrarian,no,planned
186,2026-05-25-1600-anti-integration-186.md,2026-05-25,16:00,mon,yes,anti-integration,carousel,https://www.capveri.com/resources/data-migration-off-excel,marketing/content/resources/data-migration-off-excel.mdx,data-migration-off-excel,resource,carousel-outline,no,planned
187,2026-05-25-1700-founder-187.md,2026-05-25,17:00,mon,yes,founder,text-long,original,original,original,original,war-story-extract,no,planned
188,2026-05-25-1800-cam-math-188.md,2026-05-25,18:00,mon,yes,cam-math,text-short,https://www.capveri.com/blog/batch-cam-reconciliation-multiple-properties,marketing/content/blog/batch-cam-reconciliation-multiple-properties.mdx,batch-cam-reconciliation-multiple-properties,blog,contrarian,no,planned
189,2026-05-25-1900-product-189.md,2026-05-25,19:00,mon,yes,product,poll,https://www.capveri.com/roi,original,roi,product,poll-question,no,planned
190,2026-05-25-2000-engagement-190.md,2026-05-25,20:00,mon,yes,engagement,text-short,original,original,original,original,definition,no,planned
191,2026-05-26-0600-cam-math-191.md,2026-05-26,06:00,tue,yes,cam-math,text-short,https://www.capveri.com/blog/documenting-lease-exclusions,marketing/content/blog/documenting-lease-exclusions.mdx,documenting-lease-exclusions,blog,contrarian,no,planned
192,2026-05-26-0700-erp-workarounds-192.md,2026-05-26,07:00,tue,yes,erp-workarounds,text-long,https://www.capveri.com/blog/mri-recovery-billing-gross-up-errors,marketing/content/blog/mri-recovery-billing-gross-up-errors.mdx,mri-recovery-billing-gross-up-errors,blog,war-story-extract,no,planned
193,2026-05-26-0800-war-stories-193.md,2026-05-26,08:00,tue,yes,war-stories,text-short,https://www.capveri.com/blog/pe-firms-evaluate-cam-at-acquisition,marketing/content/blog/pe-firms-evaluate-cam-at-acquisition.mdx,pe-firms-evaluate-cam-at-acquisition,blog,contrarian,no,planned
194,2026-05-26-0900-anti-integration-194.md,2026-05-26,09:00,tue,yes,anti-integration,carousel,https://www.capveri.com/resources/deterministic-vs-ai-cam,marketing/content/resources/deterministic-vs-ai-cam.mdx,deterministic-vs-ai-cam,resource,carousel-outline,no,planned
195,2026-05-26-1000-cam-math-195.md,2026-05-26,10:00,tue,yes,cam-math,text-short,https://www.capveri.com/blog/reconciliation-cover-letter-template,marketing/content/blog/reconciliation-cover-letter-template.mdx,reconciliation-cover-letter-template,blog,contrarian,no,planned
196,2026-05-26-1100-industry-news-196.md,2026-05-26,11:00,tue,yes,industry-news,image-quote,https://www.capveri.com/blog/cam-benchmarks-portfolio-comparison,marketing/content/blog/cam-benchmarks-portfolio-comparison.mdx,cam-benchmarks-portfolio-comparison,blog,stat-callout,no,planned
197,2026-05-26-1200-cam-math-197.md,2026-05-26,12:00,tue,yes,cam-math,text-long,https://www.capveri.com/blog/year-end-operating-expense-true-up,marketing/content/blog/year-end-operating-expense-true-up.mdx,year-end-operating-expense-true-up,blog,war-story-extract,no,planned
198,2026-05-26-1300-erp-workarounds-198.md,2026-05-26,13:00,tue,yes,erp-workarounds,text-short,https://www.capveri.com/blog/mri-share-type-building-vs-floor,marketing/content/blog/mri-share-type-building-vs-floor.mdx,mri-share-type-building-vs-floor,blog,contrarian,no,planned
199,2026-05-26-1400-war-stories-199.md,2026-05-26,14:00,tue,yes,war-stories,video,https://www.capveri.com/blog/institutional-investors-recovery-ratios,marketing/content/blog/institutional-investors-recovery-ratios.mdx,institutional-investors-recovery-ratios,blog,video-script,no,planned
200,2026-05-26-1500-cam-math-200.md,2026-05-26,15:00,tue,yes,cam-math,text-short,https://www.capveri.com/blog/cam-reconciliation-season-2026-guide,marketing/content/blog/cam-reconciliation-season-2026-guide.mdx,cam-reconciliation-season-2026-guide,blog,contrarian,no,planned
201,2026-05-26-1600-anti-integration-201.md,2026-05-26,16:00,tue,yes,anti-integration,text-long,https://www.capveri.com/resources/ai-cam-reconciliation-limits,marketing/content/resources/ai-cam-reconciliation-limits.mdx,ai-cam-reconciliation-limits,resource,war-story-extract,no,planned
202,2026-05-26-1700-founder-202.md,2026-05-26,17:00,tue,yes,founder,carousel,original,original,original,original,carousel-outline,no,planned
203,2026-05-26-1800-cam-math-203.md,2026-05-26,18:00,tue,yes,cam-math,text-short,https://www.capveri.com/blog/automating-estimate-letters,marketing/content/blog/automating-estimate-letters.mdx,automating-estimate-letters,blog,contrarian,no,planned
204,2026-05-26-1900-product-204.md,2026-05-26,19:00,tue,yes,product,poll,https://www.capveri.com/pricing,original,pricing,product,poll-question,yes,planned
205,2026-05-26-2000-engagement-205.md,2026-05-26,20:00,tue,yes,engagement,text-long,original,original,original,original,stat-callout,no,planned
206,2026-05-27-0600-cam-math-206.md,2026-05-27,06:00,wed,yes,cam-math,text-long,https://www.capveri.com/resources/cam-gross-up-calculation-guide,marketing/content/resources/cam-gross-up-calculation-guide.mdx,cam-gross-up-calculation-guide,resource,war-story-extract,no,planned
207,2026-05-27-0700-erp-workarounds-207.md,2026-05-27,07:00,wed,yes,erp-workarounds,text-short,https://www.capveri.com/blog/realpage-cam-pool-configuration-guide,marketing/content/blog/realpage-cam-pool-configuration-guide.mdx,realpage-cam-pool-configuration-guide,blog,contrarian,no,planned
208,2026-05-27-0800-war-stories-208.md,2026-05-27,08:00,wed,yes,war-stories,carousel,https://www.capveri.com/blog/cam-reconciliation-audit-trail,marketing/content/blog/cam-reconciliation-audit-trail.mdx,cam-reconciliation-audit-trail,blog,carousel-outline,no,planned
209,2026-05-27-0900-anti-integration-209.md,2026-05-27,09:00,wed,yes,anti-integration,text-short,https://www.capveri.com/blog/automate-cam-without-replacing-yardi,marketing/content/blog/automate-cam-without-replacing-yardi.mdx,automate-cam-without-replacing-yardi,blog,stat-callout,no,planned
210,2026-05-27-1000-cam-math-210.md,2026-05-27,10:00,wed,yes,cam-math,video,https://www.capveri.com/resources/cam-expense-caps,marketing/content/resources/cam-expense-caps.mdx,cam-expense-caps,resource,video-script,no,planned
211,2026-05-27-1100-industry-news-211.md,2026-05-27,11:00,wed,yes,industry-news,text-short,https://www.capveri.com/blog/building-cam-quality-program,marketing/content/blog/building-cam-quality-program.mdx,building-cam-quality-program,blog,hook,no,planned
212,2026-05-27-1200-cam-math-212.md,2026-05-27,12:00,wed,yes,cam-math,text-long,https://www.capveri.com/resources/cam-cap-types,marketing/content/resources/cam-cap-types.mdx,cam-cap-types,resource,war-story-extract,no,planned
213,2026-05-27-1300-erp-workarounds-213.md,2026-05-27,13:00,wed,yes,erp-workarounds,image-quote,https://www.capveri.com/blog/cam-software-works-with-yardi,marketing/content/blog/cam-software-works-with-yardi.mdx,cam-software-works-with-yardi,blog,hook,no,planned
214,2026-05-27-1400-war-stories-214.md,2026-05-27,14:00,wed,yes,war-stories,text-short,https://www.capveri.com/resources/top-15-cam-billing-errors,marketing/content/resources/top-15-cam-billing-errors.mdx,top-15-cam-billing-errors,resource,contrarian,no,planned
215,2026-05-27-1500-cam-math-215.md,2026-05-27,15:00,wed,yes,cam-math,carousel,https://www.capveri.com/resources/anchor-exclusion-cam,marketing/content/resources/anchor-exclusion-cam.mdx,anchor-exclusion-cam,resource,carousel-outline,no,planned
216,2026-05-27-1600-anti-integration-216.md,2026-05-27,16:00,wed,yes,anti-integration,text-short,https://www.capveri.com/blog/replace-excel-cam-reconciliation,marketing/content/blog/replace-excel-cam-reconciliation.mdx,replace-excel-cam-reconciliation,blog,stat-callout,no,planned
217,2026-05-27-1700-founder-217.md,2026-05-27,17:00,wed,yes,founder,text-long,original,original,original,original,contrarian,no,planned
218,2026-05-27-1800-cam-math-218.md,2026-05-27,18:00,wed,yes,cam-math,poll,https://www.capveri.com/resources/base-year-cam-lease,marketing/content/resources/base-year-cam-lease.mdx,base-year-cam-lease,resource,poll-question,no,planned
219,2026-05-27-1900-product-219.md,2026-05-27,19:00,wed,yes,product,text-short,https://www.capveri.com/sample-report,original,sample-report,product,stat-callout,no,planned
220,2026-05-27-2000-engagement-220.md,2026-05-27,20:00,wed,yes,engagement,text-short,original,original,original,original,hook,no,planned
221,2026-05-28-0600-cam-math-221.md,2026-05-28,06:00,thu,yes,cam-math,text-short,https://www.capveri.com/resources/base-year-expense-stop,marketing/content/resources/base-year-expense-stop.mdx,base-year-expense-stop,resource,contrarian,no,planned
222,2026-05-28-0700-erp-workarounds-222.md,2026-05-28,07:00,thu,yes,erp-workarounds,carousel,https://www.capveri.com/blog/yardi-alternative-cam-reconciliation,marketing/content/blog/yardi-alternative-cam-reconciliation.mdx,yardi-alternative-cam-reconciliation,blog,carousel-outline,no,planned
223,2026-05-28-0800-war-stories-223.md,2026-05-28,08:00,thu,yes,war-stories,text-short,https://www.capveri.com/resources/tenant-auditor-guide,marketing/content/resources/tenant-auditor-guide.mdx,tenant-auditor-guide,resource,contrarian,no,planned
224,2026-05-28-0900-anti-integration-224.md,2026-05-28,09:00,thu,yes,anti-integration,text-long,https://www.capveri.com/blog/cam-build-vs-buy,marketing/content/blog/cam-build-vs-buy.mdx,cam-build-vs-buy,blog,framework,no,planned
225,2026-05-28-1000-cam-math-225.md,2026-05-28,10:00,thu,yes,cam-math,text-short,https://www.capveri.com/resources/admin-fee-calculation-methods,marketing/content/resources/admin-fee-calculation-methods.mdx,admin-fee-calculation-methods,resource,contrarian,no,planned
226,2026-05-28-1100-industry-news-226.md,2026-05-28,11:00,thu,yes,industry-news,video,https://www.capveri.com/blog/reconciliation-season-staffing-plan,marketing/content/blog/reconciliation-season-staffing-plan.mdx,reconciliation-season-staffing-plan,blog,video-script,no,planned
227,2026-05-28-1200-cam-math-227.md,2026-05-28,12:00,thu,yes,cam-math,text-short,https://www.capveri.com/resources/cam-estimate-forecasting,marketing/content/resources/cam-estimate-forecasting.mdx,cam-estimate-forecasting,resource,contrarian,no,planned
228,2026-05-28-1300-erp-workarounds-228.md,2026-05-28,13:00,thu,yes,erp-workarounds,text-short,https://www.capveri.com/resources/yardi-cam-configuration-errors,marketing/content/resources/yardi-cam-configuration-errors.mdx,yardi-cam-configuration-errors,resource,contrarian,no,planned
229,2026-05-28-1400-war-stories-229.md,2026-05-28,14:00,thu,yes,war-stories,text-long,https://www.capveri.com/resources/landlord-cam-audit-defense-playbook,marketing/content/resources/landlord-cam-audit-defense-playbook.mdx,landlord-cam-audit-defense-playbook,resource,war-story-extract,no,planned
230,2026-05-28-1500-cam-math-230.md,2026-05-28,15:00,thu,yes,cam-math,carousel,https://www.capveri.com/resources/cam-presend-checklist,marketing/content/resources/cam-presend-checklist.mdx,cam-presend-checklist,resource,carousel-outline,no,planned
231,2026-05-28-1600-anti-integration-231.md,2026-05-28,16:00,thu,yes,anti-integration,text-short,https://www.capveri.com/blog/death-of-spreadsheet-cam,marketing/content/blog/death-of-spreadsheet-cam.mdx,death-of-spreadsheet-cam,blog,stat-callout,no,planned
232,2026-05-28-1700-founder-232.md,2026-05-28,17:00,thu,yes,founder,text-short,original,original,original,original,contrarian,no,planned
233,2026-05-28-1800-cam-math-233.md,2026-05-28,18:00,thu,yes,cam-math,text-long,https://www.capveri.com/resources/boma-2024-implementation-guide,marketing/content/resources/boma-2024-implementation-guide.mdx,boma-2024-implementation-guide,resource,war-story-extract,no,planned
234,2026-05-28-1900-product-234.md,2026-05-28,19:00,thu,yes,product,image-quote,https://www.capveri.com/product-tour,original,product-tour,product,stat-callout,yes,planned
235,2026-05-28-2000-engagement-235.md,2026-05-28,20:00,thu,yes,engagement,poll,original,original,original,original,poll-question,no,planned
236,2026-05-29-0600-cam-math-236.md,2026-05-29,06:00,fri,yes,cam-math,image-quote,https://www.capveri.com/resources/boma-2024-noi-impact,marketing/content/resources/boma-2024-noi-impact.mdx,boma-2024-noi-impact,resource,hook,no,planned
237,2026-05-29-0700-erp-workarounds-237.md,2026-05-29,07:00,fri,yes,erp-workarounds,text-short,https://www.capveri.com/resources/export-cam-yardi-voyager,marketing/content/resources/export-cam-yardi-voyager.mdx,export-cam-yardi-voyager,resource,contrarian,no,planned
238,2026-05-29-0800-war-stories-238.md,2026-05-29,08:00,fri,yes,war-stories,text-long,https://www.capveri.com/resources/cam-leakage-guide,marketing/content/resources/cam-leakage-guide.mdx,cam-leakage-guide,resource,war-story-extract,no,planned
239,2026-05-29-0900-anti-integration-239.md,2026-05-29,09:00,fri,yes,anti-integration,text-short,https://www.capveri.com/blog/cam-highest-roi-process-to-automate,marketing/content/blog/cam-highest-roi-process-to-automate.mdx,cam-highest-roi-process-to-automate,blog,stat-callout,no,planned
240,2026-05-29-1000-cam-math-240.md,2026-05-29,10:00,fri,yes,cam-math,text-short,https://www.capveri.com/resources/cam-billing-kpis,marketing/content/resources/cam-billing-kpis.mdx,cam-billing-kpis,resource,contrarian,no,planned
241,2026-05-29-1100-industry-news-241.md,2026-05-29,11:00,fri,yes,industry-news,carousel,https://www.capveri.com/resources/benchmarking-operating-expenses,marketing/content/resources/benchmarking-operating-expenses.mdx,benchmarking-operating-expenses,resource,carousel-outline,no,planned
242,2026-05-29-1200-cam-math-242.md,2026-05-29,12:00,fri,yes,cam-math,text-long,https://www.capveri.com/resources/cam-reconciliation-cost,marketing/content/resources/cam-reconciliation-cost.mdx,cam-reconciliation-cost,resource,war-story-extract,no,planned
243,2026-05-29-1300-erp-workarounds-243.md,2026-05-29,13:00,fri,yes,erp-workarounds,text-short,https://www.capveri.com/resources/export-cam-mri,marketing/content/resources/export-cam-mri.mdx,export-cam-mri,resource,contrarian,no,planned
244,2026-05-29-1400-war-stories-244.md,2026-05-29,14:00,fri,yes,war-stories,text-short,https://www.capveri.com/resources/cam-leakage-benchmarks-property-type,marketing/content/resources/cam-leakage-benchmarks-property-type.mdx,cam-leakage-benchmarks-property-type,resource,contrarian,no,planned
245,2026-05-29-1500-cam-math-245.md,2026-05-29,15:00,fri,yes,cam-math,video,https://www.capveri.com/resources/cam-cap-calculation-guide,marketing/content/resources/cam-cap-calculation-guide.mdx,cam-cap-calculation-guide,resource,video-script,no,planned
246,2026-05-29-1600-anti-integration-246.md,2026-05-29,16:00,fri,yes,anti-integration,text-long,https://www.capveri.com/blog/business-case-cam-software,marketing/content/blog/business-case-cam-software.mdx,business-case-cam-software,blog,stat-callout,no,planned
247,2026-05-29-1700-founder-247.md,2026-05-29,17:00,fri,yes,founder,text-short,original,original,original,original,stat-callout,no,planned
248,2026-05-29-1800-cam-math-248.md,2026-05-29,18:00,fri,yes,cam-math,carousel,https://www.capveri.com/resources/cam-true-up,marketing/content/resources/cam-true-up.mdx,cam-true-up,resource,carousel-outline,no,planned
249,2026-05-29-1900-product-249.md,2026-05-29,19:00,fri,yes,product,text-short,https://www.capveri.com/cam-audit-software,original,cam-audit-software,product,stat-callout,no,planned
250,2026-05-29-2000-engagement-250.md,2026-05-29,20:00,fri,yes,engagement,poll,original,original,original,original,poll-question,no,planned
251,2026-05-30-0700-cam-math-251.md,2026-05-30,07:00,sat,no,cam-math,text-short,https://www.capveri.com/resources/denominator-change-guide,marketing/content/resources/denominator-change-guide.mdx,denominator-change-guide,resource,contrarian,no,planned
252,2026-05-30-0830-war-stories-252.md,2026-05-30,08:30,sat,no,war-stories,carousel,https://www.capveri.com/resources/self-audit-cam-billing,marketing/content/resources/self-audit-cam-billing.mdx,self-audit-cam-billing,resource,carousel-outline,yes,planned
253,2026-05-30-1000-cam-math-253.md,2026-05-30,10:00,sat,no,cam-math,text-long,https://www.capveri.com/resources/denominator-drift,marketing/content/resources/denominator-drift.mdx,denominator-drift,resource,war-story-extract,no,planned
254,2026-05-30-1130-anti-integration-254.md,2026-05-30,11:30,sat,no,anti-integration,text-short,https://www.capveri.com/blog/speed-up-cam-reconciliation,marketing/content/blog/speed-up-cam-reconciliation.mdx,speed-up-cam-reconciliation,blog,stat-callout,no,planned
255,2026-05-30-1300-cam-math-255.md,2026-05-30,13:00,sat,no,cam-math,image-quote,https://www.capveri.com/resources/pro-rata-share-calculation,marketing/content/resources/pro-rata-share-calculation.mdx,pro-rata-share-calculation,resource,hook,no,planned
256,2026-05-30-1430-war-stories-256.md,2026-05-30,14:30,sat,no,war-stories,text-short,https://www.capveri.com/resources/tenant-cam-dispute,marketing/content/resources/tenant-cam-dispute.mdx,tenant-cam-dispute,resource,contrarian,no,planned
257,2026-05-30-1600-cam-math-257.md,2026-05-30,16:00,sat,no,cam-math,text-long,https://www.capveri.com/resources/gl-analysis-explained,marketing/content/resources/gl-analysis-explained.mdx,gl-analysis-explained,resource,war-story-extract,no,planned
258,2026-05-30-1730-founder-258.md,2026-05-30,17:30,sat,no,founder,text-short,original,original,original,original,definition,no,planned
259,2026-05-30-1900-anti-integration-259.md,2026-05-30,19:00,sat,no,anti-integration,carousel,https://www.capveri.com/blog/cam-reconciliation-too-slow,marketing/content/blog/cam-reconciliation-too-slow.mdx,cam-reconciliation-too-slow,blog,carousel-outline,no,planned
260,2026-05-30-2030-engagement-260.md,2026-05-30,20:30,sat,no,engagement,text-short,original,original,original,original,definition,no,planned
261,2026-05-31-0700-cam-math-261.md,2026-05-31,07:00,sun,no,cam-math,text-long,https://www.capveri.com/resources/cam-variance-analysis,marketing/content/resources/cam-variance-analysis.mdx,cam-variance-analysis,resource,war-story-extract,no,planned
262,2026-05-31-0830-war-stories-262.md,2026-05-31,08:30,sun,no,war-stories,text-short,https://www.capveri.com/blog/cost-single-cam-error-case-study,marketing/content/blog/cost-single-cam-error-case-study.mdx,cost-single-cam-error-case-study,blog,stat-callout,no,planned
263,2026-05-31-1000-cam-math-263.md,2026-05-31,10:00,sun,no,cam-math,text-short,https://www.capveri.com/resources/cam-reconciliation-for-property-managers,marketing/content/resources/cam-reconciliation-for-property-managers.mdx,cam-reconciliation-for-property-managers,resource,contrarian,no,planned
264,2026-05-31-1130-anti-integration-264.md,2026-05-31,11:30,sun,no,anti-integration,carousel,https://www.capveri.com/blog/hidden-cost-late-reconciliation,marketing/content/blog/hidden-cost-late-reconciliation.mdx,hidden-cost-late-reconciliation,blog,carousel-outline,no,planned
265,2026-05-31-1300-cam-math-265.md,2026-05-31,13:00,sun,no,cam-math,text-short,https://www.capveri.com/resources/cam-reconciliation-timeline-guide,marketing/content/resources/cam-reconciliation-timeline-guide.mdx,cam-reconciliation-timeline-guide,resource,contrarian,no,planned
266,2026-05-31-1430-war-stories-266.md,2026-05-31,14:30,sun,no,war-stories,text-long,https://www.capveri.com/blog/cam-overbilling-liability,marketing/content/blog/cam-overbilling-liability.mdx,cam-overbilling-liability,blog,stat-callout,no,planned
267,2026-05-31-1600-cam-math-267.md,2026-05-31,16:00,sun,no,cam-math,text-short,https://www.capveri.com/resources/cam-reconciliation-checklist-2026,marketing/content/resources/cam-reconciliation-checklist-2026.mdx,cam-reconciliation-checklist-2026,resource,contrarian,no,planned
268,2026-05-31-1730-founder-268.md,2026-05-31,17:30,sun,no,founder,video,original,original,original,original,video-script,no,planned
269,2026-05-31-1900-anti-integration-269.md,2026-05-31,19:00,sun,no,anti-integration,text-short,https://www.capveri.com/blog/mid-market-pmc-cam-automation-guide,marketing/content/blog/mid-market-pmc-cam-automation-guide.mdx,mid-market-pmc-cam-automation-guide,blog,stat-callout,no,planned
270,2026-05-31-2030-engagement-270.md,2026-05-31,20:30,sun,no,engagement,image-quote,original,original,original,original,hook,no,planned
271,2026-06-01-0600-cam-math-271.md,2026-06-01,06:00,mon,yes,cam-math,text-short,https://www.capveri.com/blog/what-is-cam-reconciliation,marketing/content/blog/what-is-cam-reconciliation.mdx,what-is-cam-reconciliation,blog,stat-callout,no,planned
272,2026-06-01-0700-erp-workarounds-272.md,2026-06-01,07:00,mon,yes,erp-workarounds,text-long,https://www.capveri.com/resources/export-cam-realpage,marketing/content/resources/export-cam-realpage.mdx,export-cam-realpage,resource,war-story-extract,no,planned
273,2026-06-01-0800-war-stories-273.md,2026-06-01,08:00,mon,yes,war-stories,image-quote,https://www.capveri.com/blog/what-tenant-auditors-look-for,marketing/content/blog/what-tenant-auditors-look-for.mdx,what-tenant-auditors-look-for,blog,stat-callout,no,planned
274,2026-06-01-0900-anti-integration-274.md,2026-06-01,09:00,mon,yes,anti-integration,carousel,https://www.capveri.com/blog/controller-career-path-cre-finops,marketing/content/blog/controller-career-path-cre-finops.mdx,controller-career-path-cre-finops,blog,carousel-outline,no,planned
275,2026-06-01-1000-cam-math-275.md,2026-06-01,10:00,mon,yes,cam-math,text-short,https://www.capveri.com/blog/cam-true-up-vs-cam-reconciliation,marketing/content/blog/cam-true-up-vs-cam-reconciliation.mdx,cam-true-up-vs-cam-reconciliation,blog,stat-callout,no,planned
276,2026-06-01-1100-industry-news-276.md,2026-06-01,11:00,mon,yes,industry-news,text-short,https://www.capveri.com/resources/cam-season-2026,marketing/content/resources/cam-season-2026.mdx,cam-season-2026,resource,hook,no,planned
277,2026-06-01-1200-cam-math-277.md,2026-06-01,12:00,mon,yes,cam-math,text-long,https://www.capveri.com/blog/cam-reconciliation-errors,marketing/content/blog/cam-reconciliation-errors.mdx,cam-reconciliation-errors,blog,stat-callout,no,planned
278,2026-06-01-1300-erp-workarounds-278.md,2026-06-01,13:00,mon,yes,erp-workarounds,video,https://www.capveri.com/resources/mri-cam-recovery-errors,marketing/content/resources/mri-cam-recovery-errors.mdx,mri-cam-recovery-errors,resource,video-script,no,planned
279,2026-06-01-1400-war-stories-279.md,2026-06-01,14:00,mon,yes,war-stories,text-short,https://www.capveri.com/blog/cam-demand-letter,marketing/content/blog/cam-demand-letter.mdx,cam-demand-letter,blog,stat-callout,no,planned
280,2026-06-01-1500-cam-math-280.md,2026-06-01,15:00,mon,yes,cam-math,text-short,https://www.capveri.com/blog/cam-exclusion-list-complete-guide,marketing/content/blog/cam-exclusion-list-complete-guide.mdx,cam-exclusion-list-complete-guide,blog,stat-callout,no,planned
281,2026-06-01-1600-anti-integration-281.md,2026-06-01,16:00,mon,yes,anti-integration,carousel,https://www.capveri.com/resources/cam-build-vs-buy,marketing/content/resources/cam-build-vs-buy.mdx,cam-build-vs-buy,resource,carousel-outline,no,planned
282,2026-06-01-1700-founder-282.md,2026-06-01,17:00,mon,yes,founder,text-long,original,original,original,original,framework,no,planned
283,2026-06-01-1800-cam-math-283.md,2026-06-01,18:00,mon,yes,cam-math,text-short,https://www.capveri.com/blog/capital-expenditure-cam-pool-rules,marketing/content/blog/capital-expenditure-cam-pool-rules.mdx,capital-expenditure-cam-pool-rules,blog,stat-callout,no,planned
284,2026-06-01-1900-product-284.md,2026-06-01,19:00,mon,yes,product,poll,https://www.capveri.com/roi,original,roi,product,poll-question,yes,planned
285,2026-06-01-2000-engagement-285.md,2026-06-01,20:00,mon,yes,engagement,text-short,original,original,original,original,hook,no,planned
